{
	"basics": {
		"name": "DURGESH KUMAR",
		"label": "Student",
		"picture": "durgesh.jpeg",
		"email": "2020kucp1026@iiitkota.ac.in",
		"phone": "7781883827",
		
		"summary": "",
		"location": {
			"address": "AT-GOBRAHI,PS-JAINAGAR,DIST-MADHUBANI(BIHAR)",
			"postalCode": "---",
			"city": "Madhubani",
			"countryCode": "India",
			"region": "Bihar"
		},
		"profiles": [{
				"network": "Twitter",
				"username": "handle",
				"url": "https://twitter.com/home?lang=en<handle>"
			},
			{
				"network": "Github",
				"username": "handle",
				"url": "https://github.com/durgesh1026/all/upload/main<handle>/"
			},
			{
				"network": "linkedin",
				"username": "username",
				"url": "https://www.linkedin.com/feed/<username>/"
			},
			{
				"network": "Instagram",
				"username": "handle",
				"url": "https://www.instagram.com/durgeshkumar6_9/<handle>"
			}
		]
	},
	"work": [{
		"company": "---",
		"position": "----",
		"website": "----",
		"startDate": "2020-08-04//Take care about Date Format",
		"endDate": "Date // ",
		"summary": "---Tell me something About Org. --- ",
		"highlights": ["Add Highlights", "Your work details"]
	}],
	"volunteer": [{
		"organization": "---Name Org ---",
		"position": "---Add ---",
		"website": "---",
		"startDate": "2020-01-01 // Note Date Format",
		"endDate": "---",
		"summary": "Description...",
		"highlights": []
	}],
	"education": [{
		"institution": "Indian Institute of Information technology,kota",
		"area": "Engineering",
		"studyType": "Bachelor (hons)",
		"startDate": "",
		"endDate": "----",
		"gpa": "7.5",
		"courses": [
			"Computer Science & Engineering"
		]
	}],
	"awards": [{
		"title": "children's day award(continue 3 times district topper)",
		"awarder": "D.M",
		"date": "2012/11/20"
        "title": "10th board",
		"awarder": "M.L.A",
		"date": "2016-04-07"
	}],
	// "publications": [{
	// 	"title": "---Enter Title---",
	// 	"details": "---Enter Details---",
	// 	"link": "---github/website link to show your work---"
	// }],
	"skills": [{
		"level": "Master",
		"keywords": ["HTML", "CSS", "Javascript","php", "React", "C/C++"]
	}],
	"interests": [{
		"name": "Sports",
		"keywords": ["cricket", "football"]
	}],
	"references": []
}